Admin_ID,Course_ID
3DV5A56UA03,39-519-9164
8QK1EY9WV47,98-524-8194
6TY9C88XF52,78-785-8491	
6A49W83PJ14,81-864-5000
6F04P03KA00,59-131-7853
9J06GW2FQ94,52-937-8785
6KM0MQ4PA38,16-836-3211
2JJ3D77PK57,37-606-1181
5UK8QC4JX98,78-435-3279
1A12P94WC18,72-480-3086
4U97YK5VN53,06-097-0720
7WX0KR0HN50,25-596-5188
8TH5GA6YK30,38-274-1645
4VP3X93QJ94,90-199-4874
4PP4E10DF89,42-244-5787
4AP0Y27UM45,67-544-1632
3JC0RK7HU05,00-223-3792
3MW2JD9EN94,23-148-2987
2G02TY9FC27,43-564-1989
3P26GU0HW13,68-153-1704
5R13JY7JH27,54-337-0362
8FM4N43GQ85,42-671-2061
5Y43Y01AG49,33-583-1814
7GQ3A67YW61,41-823-5562	
4UQ2J81HC12,87-193-4362
6NM4D05FX29,72-411-7088
1QD7GQ0CQ71,21-367-4147
6Y60VV5YP70,32-685-0987
5RU2HT5PD83,04-273-7529
6K17Y57HR92,26-525-1857
