CREATE TABLE IF NOT EXISTS Professors(
                                         Professor_ID INTEGER PRIMARY KEY AUTOINCREMENT,
                                         User_ID INT,
                                         Email VARCHAR(70) UNIQUE NOT NULL,
                                         First_Name VARCHAR(15),
                                         Last_Name VARCHAR(20),
                                         Course_ID INT,
                                         FOREIGN KEY (User_ID) REFERENCES Users(User_ID) ON DELETE CASCADE,
                                         FOREIGN KEY (Course_ID) REFERENCES Courses(Course_ID)
);

INSERT INTO Professors (User_ID, Email, First_Name, Last_Name, Course_ID)
VALUES (1, 'dnaewburyt@walmart.com', 'Dulciana', 'Newbury', 1),
       (2, 'asoftleys@google.com.hk', 'Arlette', 'Softley', 2),
       (3, 'jelcottr@ucoz.com', 'Jackson', 'Elcott', 3),
       (4, 'coxberryq@unc.edu', 'Clarinda', 'Oxberry', 4),
       (5, 'bmillsp@alibaba.com', 'Brooke', 'Mills', 5),
       (6, 'srougiero@yandex.ru', 'Sutherland', 'Rougier', 6),
       (7, 'imontezn@wp.com', 'Iris', 'Montez', 7),
       (8, 'tlazerm@bloomberg.com', 'Tatiania', 'Lazer', 8),
       (9, 'osandhilll@aboutads.info', 'Ortensia', 'Sandhill', 9),
       (10, 'mbowndek@bing.com', 'Marybelle', 'Bownde', 10),
       (11, 'nayscoughj@globo.com', 'Nonna', 'Ayscough', 11),
       (12, 'bguerrini@bluehost.com', 'Beau', 'Guerrin', 12),
       (13, 'cneichoh@java.com', 'Cayla', 'Neicho', 13),
       (14, 'cpennig@apache.org', 'Clarie', 'Penni', 14),
       (15, 'lbiaggiottif@nifty.com', 'Laurel', 'Biaggiotti', 15),
       (16, 'ncunnahe@apache.org', 'Nerta', 'Cunnah', 16),
       (17, 'tkondratd@msu.edu', 'Teodora', 'Kondrat', 17),
       (18, 'ccradickc@msu.edu', 'Constance', 'Cradick', 18),
       (19, 'qearleb@qq.com', 'Quinton', 'Earle', 19),
       (20, 'lreardena@reference.com', 'Lydia', 'Rearden', 20),
       (21, 'cgrafham9@shop-pro.jp', 'Christa', 'Grafham', 21),
       (22, 'sshippam8@telegraph.co.uk', 'Sheilakathryn', 'Shippam', 22),
       (23, 'bstable7@de.vu', 'Brandyn', 'Stable', 23),
       (24, 'jtraite6@forbes.com', 'Josh', 'Traite', 24),
       (25, 'rdo5@google.cn', 'Rickie', 'Do', 25),
       (26, 'ydo4@blogger.com', 'Yehudit', 'Do', 26),
       (27, 'msandbatch3@tripadvisor.com', 'Morly', 'Sandbatch', 27),
       (28, 'arediers2@youtube.com', 'Alana', 'Rediers', 28),
       (29, 'jpudney1@sciencedaily.com', 'Johnny', 'Pudney', 29),
       (30, 'ahunday0@discuz.net', 'Alair', 'Hunday', 30),
       (34, 'coxberryq@unc.edu', 'Clarinda', 'Oxberry', 34),
       (35, 'bmillsp@alibaba.com', 'Brooke', 'Mills', 35),
       (36, 'srougiero@yandex.ru', 'Sutherland', 'Rougier', 36),
       (37, 'imontezn@wp.com', 'Iris', 'Montez', 37),
       (38, 'tlazerm@bloomberg.com', 'Tatiania', 'Lazer', 38),
       (39, 'osandhilll@aboutads.info', 'Ortensia', 'Sandhill', 39),
       (40, 'mbowndek@bing.com', 'Marybelle', 'Bownde', 40),
       (41, 'nayscoughj@globo.com', 'Nonna', 'Ayscough', 41),
       (42, 'bguerrini@bluehost.com', 'Beau', 'Guerrin', 42),
       (43, 'cneichoh@java.com', 'Cayla', 'Neicho', 43),
       (44, 'cpennig@apache.org', 'Clarie', 'Penni', 44);

CREATE TABLE IF NOT EXISTS Users(
                                    User_ID INTEGER PRIMARY KEY AUTOINCREMENT,
                                    Pass VARCHAR(50) NOT NULL,
                                    First_Name VARCHAR(15),
                                    Middle_Name VARCHAR(20),
                                    Last_Name VARCHAR(20)
);
INSERT INTO Users (Pass, First_Name, Middle_Name, Last_Name)
VALUES
    ('pass123', 'Emma', 'Grace', 'Miller'),
    ('securepass', 'Oliver', 'Thomas', 'Davis'),
    ('p@ssw0rd', 'Sophia', 'Elizabeth', 'Wilson'),
    ('123456', 'William', 'Jacob', 'Taylor'),
    ('password', 'Ava', 'Rose', 'Anderson'),
    ('qwerty', 'James', 'William', 'Martinez'),
    ('secret123', 'Charlotte', 'Olivia', 'Garcia'),
    ('admin123', 'Mason', 'Alexander', 'Hernandez'),
    ('letmein', 'Amelia', 'Isabella', 'Lopez'),
    ('hello123', 'Benjamin', 'Ethan', 'Perez');

CREATE TABLE IF NOT EXISTS Courses(
                                      Course_ID INTEGER PRIMARY KEY AUTOINCREMENT,
                                      Course_Name VARCHAR(100)
);

INSERT INTO Courses (Course_Name)
VALUES
    ('Introduction to Computer Science'),
    ('Data Structures and Algorithms'),
    ('Database Management Systems'),
    ('Software Engineering'),
    ('Operating Systems'),
    ('Web Development'),
    ('Machine Learning'),
    ('Computer Networks'),
    ('Cybersecurity Fundamentals'),
    ('Marketing'),
    ('Services'),
    ('Human Resources'),
    ('Engineering'),
    ('Product Management'),
    ('Accounting'),
    ('Services'),
    ('Product Management'),
    ('Accounting'),
    ('Product Management'),
    ('Human Resources'),
    ('Product Management'),
    ('Services'),
    ('Sales'),
    ('Artificial Intelligence');



CREATE TABLE IF NOT EXISTS Discussion(
                                         Content TEXT PRIMARY KEY,
                                         Course_ID INT,
                                         Student_ID INT,
                                         Title VARCHAR(50),
                                         Time TIME,
                                         FOREIGN KEY (Course_ID) REFERENCES Courses(Course_ID),
                                         FOREIGN KEY (Student_ID) REFERENCES Student(Student_ID)
);

INSERT INTO Discussion (Content, Course_ID, Student_ID, Title, Time)
VALUES
    ('Discussing the importance of web security', 1, 1, 'Web Security Discussion', '15:30:00'),
    ('Sharing insights on machine learning algorithms', 7, 5, 'Machine Learning Algorithms Discussion', '14:45:00'),
    ('Debating the future of artificial intelligence', 20, 10, 'Future of AI Discussion', '10:00:00'),
    ('Exploring the challenges of data visualization', 2, 2, 'Data Visualization Challenges', '11:30:00'),
    ('Analyzing case studies in marketing strategies', 19, 15, 'Marketing Case Studies', '13:00:00'),
    ('Discussing recent advancements in cybersecurity', 9, 8, 'Cybersecurity Advancements', '16:15:00'),
    ('Sharing experiences with software development tools', 4, 4, 'Software Development Tools Discussion', '09:45:00'),
    ('Exploring best practices in database optimization', 3, 3, 'Database Optimization Best Practices', '12:00:00'),
    ('Debating the impact of social media on society', 18, 14, 'Social Media Impact Discussion', '10:30:00'),
    ('Discussing ethical considerations in AI development', 20, 10, 'Ethical AI Development', '14:00:00'),
    ('Sharing insights on data storage solutions', 6, 6, 'Data Storage Solutions Discussion', '16:30:00'),
    ('Analyzing trends in web development frameworks', 5, 5, 'Web Development Frameworks Analysis', '11:00:00'),
    ('Discussing challenges in operating system design', 8, 7, 'Operating System Design Challenges', '12:30:00'),
    ('Exploring case studies in product management', 11, 11, 'Product Management Case Studies', '15:00:00'),
    ('Debating the role of HR in organizational culture', 12, 12, 'HR and Organizational Culture', '09:30:00'),
    ('Sharing experiences with cloud computing platforms', 13, 13, 'Cloud Computing Platforms Discussion', '13:45:00'),
    ('Discussing the future of blockchain technology', 14, 15, 'Future of Blockchain Discussion', '11:15:00'),
    ('Analyzing recent trends in e-commerce', 15, 16, 'E-commerce Trends Analysis', '14:30:00'),
    ('Debating the effectiveness of online advertising', 16, 17, 'Online Advertising Effectiveness', '10:45:00'),
    ('Exploring challenges in software testing methodologies', 17, 18, 'Software Testing Challenges', '16:00:00'),
    ('Discussing innovations in IoT technology', 18, 19, 'IoT Innovations Discussion', '12:15:00'),
    ('Sharing insights on mobile app development frameworks', 19, 20, 'Mobile App Development Frameworks', '15:30:00'),
    ('Analyzing case studies in project management', 20, 21, 'Project Management Case Studies', '09:00:00'),
    ('Discussing challenges in machine translation', 21, 22, 'Machine Translation Challenges', '13:15:00'),
    ('Debating the future of virtual reality technology', 22, 23, 'Future of VR Technology Discussion', '10:30:00'),
    ('Exploring the role of AI in healthcare', 23, 24, 'AI in Healthcare Discussion', '14:45:00'),
    ('Sharing experiences with agile software development', 24, 25, 'Agile Development Experiences', '11:00:00'),
    ('Discussing challenges in big data analytics', 25, 26, 'Big Data Analytics Challenges', '15:15:00'),
    ('Analyzing recent trends in digital marketing', 26, 27, 'Digital Marketing Trends Analysis', '09:30:00'),
    ('Debating the impact of technology on education', 27, 28, 'Technology and Education Debate', '13:45:00'),
    ('Exploring the role of UX design in product development', 28, 29, 'UX Design and Product Development', '10:00:00'),
    ('Sharing insights on cloud security best practices', 29, 30, 'Cloud Security Best Practices Discussion', '14:15:00'),
    ('Discussing challenges in DevOps implementation', 30, 31, 'DevOps Implementation Challenges', '11:30:00');

CREATE TABLE IF NOT EXISTS Participation(
                                            Course_ID INT,
                                            Student_ID INT,
                                            Participation_Stats INT,
                                            PRIMARY KEY (Course_ID, Student_ID),
                                            FOREIGN KEY (Course_ID) REFERENCES Discussion(Course_ID),
                                            FOREIGN KEY (Student_ID) REFERENCES Discussion(Student_ID)
);
INSERT INTO Participation (Course_ID, Student_ID, Participation_Stats)
VALUES
    (1, 1, 80),
    (1, 2, 75),
    (1, 3, 90),
    (2, 4, 85),
    (2, 5, 70),
    (2, 6, 95),
    (3, 7, 78),
    (3, 8, 82),
    (3, 9, 88),
    (4, 10, 91),
    (4, 11, 73),
    (4, 12, 84),
    (5, 13, 79),
    (5, 14, 87),
    (5, 15, 92),
    (6, 16, 76),
    (6, 17, 83),
    (6, 18, 89),
    (7, 19, 81),
    (7, 20, 94),
    (7, 21, 77),
    (8, 22, 86),
    (8, 23, 93),
    (8, 24, 72),
    (9, 25, 80),
    (9, 26, 75),
    (9, 27, 90),
    (10, 28, 85),
    (10, 29, 70),
    (10, 30, 95);


CREATE TABLE IF NOT EXISTS Grade(
                                    Grade_ID INT PRIMARY KEY,
                                    Course_ID INT,
                                    Score INT,
                                    Student_ID INT,
                                    Feedback TEXT,
                                    Assignment_ID INT,
                                    FOREIGN KEY (Course_ID) REFERENCES Courses(Course_ID),
                                    FOREIGN KEY (Student_ID) REFERENCES Student(Student_ID),
                                    FOREIGN KEY (Assignment_ID) REFERENCES Assignments(Assignment_ID)
);

INSERT INTO Grade (Grade_ID, Course_ID, Score, Student_ID, Feedback, Assignment_ID)
VALUES
    (1, 1, 85, 1, 'Good work overall.', 1),
    (2, 1, 92, 2, 'Excellent effort!', 2),
    (3, 2, 78, 3, 'Some improvements needed.', 3),
    (4, 2, 90, 4, 'Well done!', 4),
    (5, 3, 88, 5, 'Very good performance.', 5),
    (6, 3, 94, 6, 'Outstanding work!', 6),
    (7, 4, 82, 7, 'Solid effort.', 7),
    (8, 4, 89, 8, 'Great job!', 8),
    (9, 5, 91, 9, 'Excellent work!', 9),
    (10, 5, 75, 10, 'Some areas need improvement.', 10),
    (11, 6, 84, 11, 'Good effort overall.', 11),
    (12, 6, 83, 12, 'Almost there, keep it up!', 12),
    (13, 7, 79, 13, 'Well done!', 13),
    (14, 7, 86, 14, 'Impressive performance.', 14),
    (15, 8, 88, 15, 'Very good effort.', 15),
    (16, 8, 93, 16, 'Excellent work!', 16),
    (17, 9, 81, 17, 'Good job!', 17),
    (18, 9, 90, 18, 'Great effort overall.', 18),
    (19, 10, 77, 19, 'Solid performance.', 19),
    (20, 10, 92, 20, 'Exceptional work!', 20),
    (21, 11, 85, 21, 'Well executed.', 21),
    (22, 11, 87, 22, 'Impressive!', 22),
    (23, 12, 89, 23, 'Very good effort.', 23),
    (24, 12, 94, 24, 'Outstanding performance!', 24),
    (25, 13, 82, 25, 'Good work overall.', 25),
    (26, 13, 90, 26, 'Excellent job!', 26),
    (27, 14, 88, 27, 'Great effort!', 27),
    (28, 14, 93, 28, 'Keep up the good work!', 28),
    (29, 15, 79, 29, 'Solid performance overall.', 29),
    (30, 15, 86, 30, 'Impressive effort!', 30);

CREATE TABLE IF NOT EXISTS Student(
                                      Student_ID INTEGER PRIMARY KEY,
                                      User_ID INT,
                                      First_Name VARCHAR(15),
                                      Middle_Name VARCHAR(20),
                                      Last_Name VARCHAR(20),
                                      Appt_ID INT,
                                      Time DATETIME,
                                      Course_Name VARCHAR(100),
                                      FOREIGN KEY (User_ID) REFERENCES Users(User_ID)
);

INSERT INTO Student (User_ID, First_Name, Middle_Name, Last_Name, Appt_ID, Time, Course_Name)
VALUES
    (1, 'John', 'Michael', 'Doe', 101, '2024-04-21 08:00:00', 'Math'),
    (1, 'John', 'Michael', 'Doe', 201, '2024-04-21 09:00:00', 'Science'),
    (2, 'Jane', 'Elizabeth', 'Smith', 102, '2024-04-21 09:00:00', 'Math'),
    (2, 'Jane', 'Elizabeth', 'Smith', 202, '2024-04-21 10:00:00', 'Science'),
    (3, 'David', 'Robert', 'Johnson', 103, '2024-04-21 10:00:00', 'Math'),
    (3, 'David', 'Robert', 'Johnson', 203, '2024-04-21 11:00:00', 'Science'),
    (4, 'Emily', 'Anne', 'Williams', 104, '2024-04-21 11:00:00', 'Math'),
    (4, 'Emily', 'Anne', 'Williams', 204, '2024-04-21 12:00:00', 'Science'),
    (5, 'Michael', 'James', 'Brown', 105, '2024-04-21 12:00:00', 'Math'),
    (5, 'Michael', 'James', 'Brown', 205, '2024-04-21 13:00:00', 'Science'),
    (6, 'Jessica', 'Marie', 'Davis', 106, '2024-04-21 13:00:00', 'Math'),
    (6, 'Jessica', 'Marie', 'Davis', 206, '2024-04-21 14:00:00', 'Science'),
    (7, 'Matthew', 'William', 'Miller', 107, '2024-04-21 14:00:00', 'Math'),
    (7, 'Matthew', 'William', 'Miller', 207, '2024-04-21 15:00:00', 'Science'),
    (8, 'Sarah', 'Nicole', 'Wilson', 108, '2024-04-21 15:00:00', 'Math'),
    (8, 'Sarah', 'Nicole', 'Wilson', 208, '2024-04-21 16:00:00', 'Science'),
    (9, 'Daniel', 'Thomas', 'Taylor', 109, '2024-04-21 16:00:00', 'Math'),
    (9, 'Daniel', 'Thomas', 'Taylor', 209, '2024-04-21 17:00:00', 'Science'),
    (10, 'Olivia', 'Grace', 'Martinez', 110, '2024-04-21 17:00:00', 'Math'),
    (10, 'Olivia', 'Grace', 'Martinez', 210, '2024-04-22 09:00:00', 'Science'),
    (10, 'Olivia', 'Grace', 'Martinez', 110, '2024-04-21 17:00:00', 'Math'),
    (10, 'Olivia', 'Grace', 'Martinez', 210, '2024-04-22 09:00:00', 'Science'),
    (11, 'Ava', 'Elizabeth', 'Garcia', 111, '2024-04-22 09:00:00', 'Math'),
    (11, 'Ava', 'Elizabeth', 'Garcia', 211, '2024-04-22 10:00:00', 'Science');

CREATE TABLE IF NOT EXISTS Assignments(
                                          Assignment_ID INTEGER PRIMARY KEY AUTOINCREMENT,
                                          Course_ID INT,
                                          Description VARCHAR(300),
                                          Grade VARCHAR(3),
                                          Progress_Rate INT,
                                          Due_Date DATE,
                                          FOREIGN KEY (Course_ID) REFERENCES Courses(Course_ID) ON DELETE CASCADE,
                                          FOREIGN KEY (Progress_Rate) REFERENCES Progress(Progress_Rate)
);

INSERT INTO Assignments (Course_ID, Description, Grade, Progress_Rate, Due_Date) VALUES
                                                                                     (1, 'Complete Chapter 1 Exercises', 'A', 75, '2024-05-01'),
                                                                                     (2, 'Research Paper on Data Structures', 'B', 78, '2024-05-10'),
                                                                                     (3, 'Database Design Project', 'C', 72, '2024-05-15'),
                                                                                     (4, 'Software Development Assignment', 'B+', 77, '2024-05-20'),
                                                                                     (5, 'Operating Systems Quiz', 'A-', 76, '2024-05-25'),
                                                                                     (6, 'Web Development Project', 'B', 79, '2024-06-01'),
                                                                                     (7, 'Machine Learning Assignment', 'A', 85, '2024-06-05'),
                                                                                     (8, 'Computer Networks Lab', 'C', 73, '2024-06-10'),
                                                                                     (9, 'Cybersecurity Research Paper', 'B+', 77, '2024-06-15'),
                                                                                     (10, 'Marketing Case Study', 'A-', 76, '2024-06-20'),
                                                                                     (11, 'Engineering Design Project', 'B', 78, '2024-06-25'),
                                                                                     (12, 'Product Management Presentation', 'A', 82, '2024-07-01'),
                                                                                     (13, 'Accounting Quiz', 'C+', 70, '2024-07-05'),
                                                                                     (14, 'Human Resources Report', 'B-', 74, '2024-07-10'),
                                                                                     (15, 'Sales Proposal', 'A', 80, '2024-07-15'),
                                                                                     (16, 'Artificial Intelligence Assignment', 'B+', 77, '2024-07-20'),
                                                                                     (17, 'Data Analysis Project', 'A-', 76, '2024-07-25'),
                                                                                     (18, 'Software Engineering Task', 'B', 79, '2024-07-30'),
                                                                                     (19, 'Database Optimization Assignment', 'A', 85, '2024-08-01'),
                                                                                     (20, 'Web Development Assignment', 'B', 78, '2024-08-05'),
                                                                                     (21, 'Marketing Campaign Plan', 'A-', 76, '2024-08-10'),
                                                                                     (22, 'Operating Systems Project', 'B+', 77, '2024-08-15'),
                                                                                     (23, 'Machine Learning Research Paper', 'A', 82, '2024-08-20'),
                                                                                     (24, 'Computer Networks Assignment', 'C+', 70, '2024-08-25'),
                                                                                     (25, 'Cybersecurity Presentation', 'B-', 74, '2024-08-30'),
                                                                                     (26, 'Marketing Analysis Project', 'A', 83, '2024-09-05'),
                                                                                     (27, 'Engineering Design Presentation', 'B', 78, '2024-09-10'),
                                                                                     (28, 'Product Management Case Study', 'A-', 76, '2024-09-15'),
                                                                                     (29, 'Accounting Problem Set', 'B', 79, '2024-09-20'),
                                                                                     (30, 'Human Resources Interview', 'A', 85, '2024-09-25'),
                                                                                     (31, 'Sales Pitch', 'B+', 77, '2024-10-01'),
                                                                                     (32, 'Artificial Intelligence Project', 'A', 82, '2024-10-05'),
                                                                                     (33, 'Data Mining Assignment', 'C+', 70, '2024-10-10'),
                                                                                     (34, 'Software Development Task', 'B-', 74, '2024-10-15'),
                                                                                     (35, 'Database Management Quiz', 'A', 80, '2024-10-20');

CREATE TABLE IF NOT EXISTS Progress(
                                       Progress_ID INTEGER PRIMARY KEY AUTOINCREMENT,
                                       Progress_Rate INT,
                                       Course_ID INT,
                                       Student_ID INT,
                                       FOREIGN KEY (Course_ID) REFERENCES Courses(Course_ID),
                                       FOREIGN KEY (Student_ID) REFERENCES Student(Student_ID)
);

INSERT INTO Progress (Progress_Rate, Course_ID, Student_ID)
VALUES
    (1, 1, 1),
    (2, 2, 2),
    (3, 3, 3),
    (4, 4, 4),
    (5, 5, 5),
    (6, 6, 6),
    (7, 7, 7),
    (8, 8, 8),
    (9, 9, 9),
    (10, 10, 10),
    (11, 11, 11),
    (12, 12, 12),
    (13, 13, 13),
    (14, 14, 14),
    (15, 15, 15),
    (16, 16, 16),
    (17, 17, 17),
    (18, 18, 18),
    (19, 19, 19),
    (20, 20, 20),
    (21, 21, 21),
    (22, 22, 22),
    (23, 23, 23),
    (24, 24, 24),
    (25, 25, 25),
    (26, 26, 26),
    (27, 27, 27),
    (28, 28, 28),
    (29, 29, 29),
    (30, 30, 30);