CREATE TABLE IF NOT EXISTS Users(
                                    User_ID INTEGER PRIMARY KEY AUTOINCREMENT,
                                    Pass VARCHAR(50) NOT NULL,
    First_Name VARCHAR(15),
    Middle_Name VARCHAR(20),
    Last_Name VARCHAR(20)
    );
INSERT INTO Users (Pass, First_Name, Middle_Name, Last_Name)
VALUES
    ('pass123', 'Emma', 'Grace', 'Miller'),
    ('securepass', 'Oliver', 'Thomas', 'Davis'),
    ('p@ssw0rd', 'Sophia', 'Elizabeth', 'Wilson'),
    ('123456', 'William', 'Jacob', 'Taylor'),
    ('password', 'Ava', 'Rose', 'Anderson'),
    ('qwerty', 'James', 'William', 'Martinez'),
    ('secret123', 'Charlotte', 'Olivia', 'Garcia'),
    ('admin123', 'Mason', 'Alexander', 'Hernandez'),
    ('letmein', 'Amelia', 'Isabella', 'Lopez'),
    ('hello123', 'Benjamin', 'Ethan', 'Perez');


CREATE TABLE IF NOT EXISTS Student(
                                      Student_ID INTEGER PRIMARY KEY AUTOINCREMENT,
                                      User_ID INT,
                                      First_Name VARCHAR(15),
    Middle_Name VARCHAR(20),
    Last_Name VARCHAR(20),
    Appt_ID INT,
    Time DATETIME,
    FOREIGN KEY (User_ID) REFERENCES Users(User_ID)
    );
INSERT INTO Student (User_ID, First_Name, Middle_Name, Last_Name, Appt_ID, Time)
VALUES
    (1, 'John', 'Michael', 'Doe', 101, '2024-04-21 08:00:00'),
    (2, 'Jane', 'Elizabeth', 'Smith', 102, '2024-04-21 09:00:00'),
    (3, 'David', 'Robert', 'Johnson', 103, '2024-04-21 10:00:00'),
    (4, 'Emily', 'Anne', 'Williams', 104, '2024-04-21 11:00:00'),
    (5, 'Michael', 'James', 'Brown', 105, '2024-04-21 12:00:00'),
    (6, 'Jessica', 'Marie', 'Davis', 106, '2024-04-21 13:00:00'),
    (7, 'Matthew', 'William', 'Miller', 107, '2024-04-21 14:00:00'),
    (8, 'Sarah', 'Nicole', 'Wilson', 108, '2024-04-21 15:00:00'),
    (9, 'Daniel', 'Thomas', 'Taylor', 109, '2024-04-21 16:00:00'),
    (10, 'Olivia', 'Grace', 'Martinez', 110, '2024-04-21 17:00:00'),
    (11, 'Ava', 'Elizabeth', 'Garcia', 111, '2024-04-22 09:00:00'),
    (12, 'William', 'Joseph', 'Hernandez', 112, '2024-04-22 10:00:00'),
    (13, 'Isabella', 'David', 'Lopez', 113, '2024-04-22 11:00:00'),
    (14, 'James', 'Andrew', 'Gonzalez', 114, '2024-04-22 12:00:00'),
    (15, 'Sophia', 'Christopher', 'Martinez', 115, '2024-04-22 13:00:00'),
    (16, 'Michael', 'Mary', 'Brown', 116, '2024-04-22 14:00:00'),
    (17, 'Charlotte', 'Jacob', 'Clark', 117, '2024-04-22 15:00:00'),
    (18, 'Mason', 'Noah', 'Rodriguez', 118, '2024-04-22 16:00:00'),
    (19, 'Amelia', 'Daniel', 'Lewis', 119, '2024-04-22 17:00:00'),
    (20, 'Harper', 'Liam', 'Lee', 120, '2024-04-23 09:00:00'),
    (21, 'Ethan', 'Alexander', 'Walker', 121, '2024-04-23 10:00:00'),
    (22, 'Evelyn', 'Ryan', 'Perez', 122, '2024-04-23 11:00:00'),
    (23, 'Abigail', 'Jason', 'Harris', 123, '2024-04-23 12:00:00'),
    (24, 'Alexander', 'Carter', 'Young', 124, '2024-04-23 13:00:00'),
    (25, 'Daniel', 'Charles', 'Allen', 125, '2024-04-23 14:00:00'),
    (26, 'Ella', 'Nathan', 'Hall', 126, '2024-04-23 15:00:00'),
    (27, 'Scarlett', 'Anthony', 'Scott', 127, '2024-04-23 16:00:00'),
    (28, 'Grace', 'Paul', 'Green', 128, '2024-04-23 17:00:00'),
    (29, 'Logan', 'David', 'Adams', 129, '2024-04-24 09:00:00'),
    (30, 'David', 'Jonathan', 'Baker', 130, '2024-04-24 10:00:00'),
    (31, 'Jackson', 'Kenneth', 'Gonzalez', 131, '2024-04-24 11:00:00'),
    (32, 'Penelope', 'Timothy', 'Nelson', 132, '2024-04-24 12:00:00'),
    (33, 'Sophie', 'Paul', 'Campbell', 133, '2024-04-24 13:00:00'),
    (34, 'Luke', 'Brian', 'Mitchell', 134, '2024-04-24 14:00:00'),
    (35, 'Levi', 'Kevin', 'Roberts', 135, '2024-04-24 15:00:00'),
    (36, 'Nora', 'Justin', 'Carter', 136, '2024-04-24 16:00:00'),
    (37, 'Zoey', 'Ronald', 'Phillips', 137, '2024-04-24 17:00:00'),
    (38, 'Avery', 'Jose', 'Evans', 138, '2024-04-25 09:00:00'),
    (39, 'Benjamin', 'Gary', 'Collins', 139, '2024-04-25 10:00:00'),
    (40, 'Hudson', 'Jeffrey', 'Parker', 140, '2024-04-25 11:00:00'),
    (41, 'Emma', 'Gregory', 'Edwards', 141, '2024-04-25 12:00:00'),
    (42, 'Aiden', 'Jerry', 'Stewart', 142, '2024-04-25 13:00:00'),
    (43, 'Liam', 'Dennis', 'Flores', 143, '2024-04-25 14:00:00'),
    (44, 'Aria', 'Jerry', 'Morris', 144, '2024-04-25 15:00:00'),
    (45, 'Eli', 'Frank', 'Nguyen', 145, '2024-04-25 16:00:00'),
    (46, 'Elena', 'Terry', 'Turner', 146, '2024-04-25 17:00:00'),
    (47, 'Mateo', 'Raymond', 'Cooper', 147, '2024-04-26 09:00:00'),
    (48, 'Hazel', 'John', 'Richardson', 148, '2024-04-26 10:00:00'),
    (49, 'Aurora', 'Henry', 'Wood', 149, '2024-04-26 11:00:00'),
    (50, 'Luna', 'Samuel', 'Watson', 150, '2024-04-26 12:00:00');

CREATE TABLE IF NOT EXISTS Courses (
    Course_ID INTEGER PRIMARY KEY AUTOINCREMENT,
    Course_Name VARCHAR(100),
    Student_ID INTEGER,
    FOREIGN KEY(Student_ID) REFERENCES Student(Student_ID)
    );

INSERT INTO Courses (Course_Name, Student_ID) VALUES
                                                  ('Introduction to Computer Science', 1),
                                                  ('Data Structures and Algorithms', 1),
                                                  ('Database Management Systems', 2),
                                                  ('Software Engineering', 2),
                                                  ('Web Development', 3),
                                                  ('Operating Systems', 3),
                                                  ('Machine Learning', 4),
                                                  ('Computer Networks', 4),
                                                  ('Cybersecurity Fundamentals', 5),
                                                  ('Marketing', 5),
                                                  ('Services', 6),
                                                  ('Human Resources', 6),
                                                  ('Engineering', 7),
                                                  ('Product Management', 7),
                                                  ('Accounting', 8),
                                                  ('Services', 8),
                                                  ('Product Management', 9),
                                                  ('Accounting', 9),
                                                  ('Product Management', 10),
                                                  ('Human Resources', 10);

CREATE TABLE IF NOT EXISTS Enrollments (
                                           Enrollment_ID INTEGER PRIMARY KEY AUTOINCREMENT,
                                           Course_ID INT,
                                           Student_ID INT,
                                           FOREIGN KEY (Course_ID) REFERENCES Courses(Course_ID),
                                           FOREIGN KEY (Student_ID) REFERENCES Student(Student_ID)
);
INSERT INTO Enrollments (Course_ID, Student_ID) VALUES
                                                    (1, 1),
                                                    (2, 1),
                                                    (3, 2),
                                                    (4, 2),
                                                    (5, 3),
                                                    (6, 3),
                                                    (7, 4),
                                                    (8, 4),
                                                    (9, 5),
                                                    (10, 5),
                                                    (11, 6),
                                                    (12, 6),
                                                    (13, 7),
                                                    (14, 7),
                                                    (15, 8),
                                                    (16, 8),
                                                    (17, 9),
                                                    (18, 9),
                                                    (19, 10),
                                                    (20, 10);

CREATE TABLE IF NOT EXISTS Progress(
                                       Progress_Rate INT PRIMARY KEY AUTOINCREMENT,
                                       Course_ID INT,
                                       Student_ID INT,
                                       FOREIGN KEY (Course_ID) REFERENCES Courses(Course_ID),
    FOREIGN KEY (Student_ID) REFERENCES Student(Student_ID)
    );
INSERT INTO Progress (Course_ID, Student_ID)
VALUES
    (1, 1),
    (2, 2),
    (3, 3),
    (4, 4),
    (5, 5),
    (6, 6),
    (7, 7),
    (8, 8),
    (9, 9),
    (10, 10),
    (11, 11),
    (12, 12),
    (13, 13),
    (14, 14),
    (15, 15),
    (16, 16),
    (17, 17),
    (18, 18),
    (19, 19),
    (20, 20),
    (21, 21),
    (22, 22),
    (23, 23),
    (24, 24),
    (25, 25),
    (26, 26),
    (27, 27),
    (28, 28),
    (29, 29),
    (30, 30);

CREATE TABLE IF NOT EXISTS Assignments(
                                          Assignment_ID INTEGER PRIMARY KEY AUTOINCREMENT,
                                          Course_ID INT,
                                          Description VARCHAR(300),
    Grade VARCHAR(3),
    Progress_Rate INT,
    Due_Date DATE,
    FOREIGN KEY (Course_ID) REFERENCES Courses(Course_ID) ON DELETE CASCADE,
    FOREIGN KEY (Progress_Rate) REFERENCES Progress(Progress_Rate)
    );

INSERT INTO Assignments (Course_ID, Description, Grade, Progress_Rate, Due_Date) VALUES
                                                                                     (1, 'Complete Chapter 1 Exercises', 'A', 75, '2024-05-01'),
                                                                                     (2, 'Research Paper on Data Structures', 'B', 78, '2024-05-10'),
                                                                                     (3, 'Database Design Project', 'C', 72, '2024-05-15'),
                                                                                     (4, 'Software Development Assignment', 'B+', 77, '2024-05-20'),
                                                                                     (5, 'Operating Systems Quiz', 'A-', 76, '2024-05-25'),
                                                                                     (6, 'Web Development Project', 'B', 79, '2024-06-01'),
                                                                                     (7, 'Machine Learning Assignment', 'A', 85, '2024-06-05'),
                                                                                     (8, 'Computer Networks Lab', 'C', 73, '2024-06-10'),
                                                                                     (9, 'Cybersecurity Research Paper', 'B+', 77, '2024-06-15'),
                                                                                     (10, 'Marketing Case Study', 'A-', 76, '2024-06-20'),
                                                                                     (11, 'Engineering Design Project', 'B', 78, '2024-06-25'),
                                                                                     (12, 'Product Management Presentation', 'A', 82, '2024-07-01'),
                                                                                     (13, 'Accounting Quiz', 'C+', 70, '2024-07-05'),
                                                                                     (14, 'Human Resources Report', 'B-', 74, '2024-07-10'),
                                                                                     (15, 'Sales Proposal', 'A', 80, '2024-07-15'),
                                                                                     (16, 'Artificial Intelligence Assignment', 'B+', 77, '2024-07-20'),
                                                                                     (17, 'Data Analysis Project', 'A-', 76, '2024-07-25'),
                                                                                     (18, 'Software Engineering Task', 'B', 79, '2024-07-30'),
                                                                                     (19, 'Database Optimization Assignment', 'A', 85, '2024-08-01'),
                                                                                     (20, 'Web Development Assignment', 'B', 78, '2024-08-05'),
                                                                                     (21, 'Marketing Campaign Plan', 'A-', 76, '2024-08-10'),
                                                                                     (22, 'Operating Systems Project', 'B+', 77, '2024-08-15'),
                                                                                     (23, 'Machine Learning Research Paper', 'A', 82, '2024-08-20'),
                                                                                     (24, 'Computer Networks Assignment', 'C+', 70, '2024-08-25'),
                                                                                     (25, 'Cybersecurity Presentation', 'B-', 74, '2024-08-30'),
                                                                                     (26, 'Marketing Analysis Project', 'A', 83, '2024-09-05'),
                                                                                     (27, 'Engineering Design Presentation', 'B', 78, '2024-09-10'),
                                                                                     (28, 'Product Management Case Study', 'A-', 76, '2024-09-15'),
                                                                                     (29, 'Accounting Problem Set', 'B', 79, '2024-09-20'),
                                                                                     (30, 'Human Resources Interview', 'A', 85, '2024-09-25'),
                                                                                     (31, 'Sales Pitch', 'B+', 77, '2024-10-01'),
                                                                                     (32, 'Artificial Intelligence Project', 'A', 82, '2024-10-05'),
                                                                                     (33, 'Data Mining Assignment', 'C+', 70, '2024-10-10'),
                                                                                     (34, 'Software Development Task', 'B-', 74, '2024-10-15'),
                                                                                     (35, 'Database Management Quiz', 'A', 80, '2024-10-20');


CREATE TABLE IF NOT EXISTS Grade(
                                    Grade_ID INT PRIMARY KEY AUTOINCREMENT,
                                    Course_ID INT,
                                    Score INT,
                                    Student_ID INT,
                                    Feedback TEXT,
                                    Assignment_ID INT,
                                    FOREIGN KEY (Course_ID) REFERENCES Courses(Course_ID),
    FOREIGN KEY (Student_ID) REFERENCES Student(Student_ID),
    FOREIGN KEY (Assignment_ID) REFERENCES Assignments(Assignment_ID)
    );

INSERT INTO Grade (Course_ID, Score, Student_ID, Feedback, Assignment_ID)
VALUES
    (1, 85, 1, 'Good work overall.', 1),
    (1, 92, 2, 'Excellent effort!', 2),
    (2, 78, 3, 'Some improvements needed.', 3),
    (2, 90, 4, 'Well done!', 4),
    (3, 88, 5, 'Very good performance.', 5),
    (3, 94, 6, 'Outstanding work!', 6),
    (4, 82, 7, 'Solid effort.', 7),
    (4, 89, 8, 'Great job!', 8),
    (5, 91, 9, 'Excellent work!', 9),
    (5, 75, 10, 'Some areas need improvement.', 10),
    (6, 84, 11, 'Good effort overall.', 11),
    (6, 83, 12, 'Almost there, keep it up!', 12),
    (7, 79, 13, 'Well done!', 13),
    (7, 86, 14, 'Impressive performance.', 14),
    (8, 88, 15, 'Very good effort.', 15),
    (8, 93, 16, 'Excellent work!', 16),
    (9, 81, 17, 'Good job!', 17),
    (9, 90, 18, 'Great effort overall.', 18),
    (10,77, 19, 'Solid performance.', 19),
    (10, 92, 20, 'Exceptional work!', 20),
    (11, 85, 21, 'Well executed.', 21),
    (11, 87, 22, 'Impressive!', 22),
    (12, 89, 23, 'Very good effort.', 23),
    (12, 94, 24, 'Outstanding performance!', 24),
    (13, 82, 25, 'Good work overall.', 25),
    (13, 90, 26, 'Excellent job!', 26),
    (14, 88, 27, 'Great effort!', 27),
    (14, 93, 28, 'Keep up the good work!', 28),
    (15, 79, 29, 'Solid performance overall.', 29),
    (15, 86, 30, 'Impressive effort!', 30);

CREATE TABLE IF NOT EXISTS TAs(
                                  TA_ID INTEGER PRIMARY KEY AUTOINCREMENT,
                                  User_ID INT,
                                  First_Name VARCHAR(15),
    Last_Name VARCHAR(20),
    Email VARCHAR(70) UNIQUE NOT NULL,
    Professor_ID INT,
    FOREIGN KEY (User_ID) REFERENCES Users(User_ID),
    FOREIGN KEY (Professor_ID) REFERENCES Professors(Professor_ID)
    );

-- INSERT INTO TAs (User_ID, First_Name, Last_Name, Email, Professor_ID)
-- VALUES
--     (91, 'Emma', 'Smith', 'emma.smith@example.com', 1);
--     (92, 'James', 'Johnson', 'james.johnson@example.com', 2),
--     (93, 'Olivia', 'Williams', 'olivia.williams@example.com', 3),
--     (94, 'William', 'Brown', 'william.brown@example.com', 4),
--     (95, 'Sophia', 'Jones', 'sophia.jones@example.com', 5),
--     (96, 'Liam', 'Miller', 'liam.miller@example.com', 6),
--     (97, 'Isabella', 'Davis', 'isabella.davis@example.com', 7),
--     (98, 'Michael', 'Garcia', 'michael.garcia@example.com', 8),
--     (99, 'Ethan', 'Rodriguez', 'ethan.rodriguez@example.com', 9),
--     (100, 'Ava', 'Martinez', 'ava.martinez@example.com', 10),
--     (101, 'Charlotte', 'Hernandez', 'charlotte.hernandez@example.com', 11),
--     (102, 'Mason', 'Lopez', 'mason.lopez@example.com', 12),
--     (103, 'Amelia', 'Gonzalez', 'amelia.gonzalez@example.com', 13),
--     (104, 'Liam', 'Perez', 'liam.perez@example.com', 14),
--     (105, 'Emma', 'Sanchez', 'emma.sanchez@example.com', 15),
--     (106, 'Aiden', 'Adams', 'aiden.adams@example.com', 16),
--     (107, 'Olivia', 'Nelson', 'olivia.nelson@example.com', 17),
--     (108, 'Lucas', 'Carter', 'lucas.carter@example.com', 18),
--     (109, 'Avery', 'Smith', 'avery.smith@example.com', 19),
--     (110, 'Sophia', 'Taylor', 'sophia.taylor@example.com', 20),
--     (111, 'Jackson', 'Gonzalez', 'jackson.gonzalez@example.com', 21),
--     (112, 'Ella', 'Anderson', 'ella.anderson@example.com', 22),
--     (113, 'Logan', 'Thomas', 'logan.thomas@example.com', 23),
--     (114, 'Aria', 'Jackson', 'aria.jackson@example.com', 24),
--     (115, 'Liam', 'White', 'liam.white@example.com', 25),
--     (116, 'Sophia', 'Harris', 'sophia.harris@example.com', 26),
--     (117, 'Noah', 'Clark', 'noah.clark@example.com', 27),
--     (118, 'Ava', 'Lewis', 'ava.lewis@example.com', 28),
--     (119, 'William', 'Allen', 'william.allen@example.com', 29),
--     (120, 'Ethan', 'Carter', 'ethan.carter@example.com', 30);

CREATE TABLE IF NOT EXISTS Professors(
                                         Professor_ID INTEGER PRIMARY KEY AUTOINCREMENT,
                                         User_ID INT,
                                         Email VARCHAR(70) UNIQUE NOT NULL,
    First_Name VARCHAR(15),
    Last_Name VARCHAR(20),
    Course_ID INT,
    FOREIGN KEY (User_ID) REFERENCES Users(User_ID) ON DELETE CASCADE,
    FOREIGN KEY (Course_ID) REFERENCES Courses(Course_ID)
    );

-- INSERT INTO Professors (User_ID, Email, First_Name, Last_Name, Course_ID)
-- VALUES (1, 'dnaewburyt@walmart.com', 'Dulciana', 'Newbury', 1),
--        (2, 'asoftleys@google.com.hk', 'Arlette', 'Softley', 2),
--        (3, 'jelcottr@ucoz.com', 'Jackson', 'Elcott', 3),
--        (4, 'coxberryq@unc.edu', 'Clarinda', 'Oxberry', 4),
--        (5, 'bmillsp@alibaba.com', 'Brooke', 'Mills', 5),
--        (6, 'srougiero@yandex.ru', 'Sutherland', 'Rougier', 6),
--        (7, 'imontezn@wp.com', 'Iris', 'Montez', 7),
--        (8, 'tlazerm@bloomberg.com', 'Tatiania', 'Lazer', 8),
--        (9, 'osandhilll@aboutads.info', 'Ortensia', 'Sandhill', 9),
--        (10, 'mbowndek@bing.com', 'Marybelle', 'Bownde', 10),
--        (11, 'nayscoughj@globo.com', 'Nonna', 'Ayscough', 11),
--        (12, 'bguerrini@bluehost.com', 'Beau', 'Guerrin', 12),
--        (13, 'cneichoh@java.com', 'Cayla', 'Neicho', 13),
--        (14, 'cpennig@apache.org', 'Clarie', 'Penni', 14),
--        (15, 'lbiaggiottif@nifty.com', 'Laurel', 'Biaggiotti', 15),
--        (16, 'ncunnahe@apache.org', 'Nerta', 'Cunnah', 16),
--        (17, 'tkondratd@msu.edu', 'Teodora', 'Kondrat', 17),
--        (18, 'ccradickc@msu.edu', 'Constance', 'Cradick', 18),
--        (19, 'qearleb@qq.com', 'Quinton', 'Earle', 19),
--        (20, 'lreardena@reference.com', 'Lydia', 'Rearden', 20),
--        (21, 'cgrafham9@shop-pro.jp', 'Christa', 'Grafham', 21),
--        (22, 'sshippam8@telegraph.co.uk', 'Sheilakathryn', 'Shippam', 22),
--        (23, 'bstable7@de.vu', 'Brandyn', 'Stable', 23),
--        (24, 'jtraite6@forbes.com', 'Josh', 'Traite', 24),
--        (25, 'rdo5@google.cn', 'Rickie', 'Do', 25),
--        (26, 'ydo4@blogger.com', 'Yehudit', 'Do', 26),
--        (27, 'msandbatch3@tripadvisor.com', 'Morly', 'Sandbatch', 27),
--        (28, 'arediers2@youtube.com', 'Alana', 'Rediers', 28),
--        (29, 'jpudney1@sciencedaily.com', 'Johnny', 'Pudney', 29),
--        (30, 'ahunday0@discuz.net', 'Alair', 'Hunday', 30),
--        (31, 'dnewburyt@walmart.com', 'Dulciana', 'Newbury', 31),
--        (32, 'asoftleys@google.com', 'Arlette', 'Softley', 32),
--        (33, 'jelcottr@ucoz.com', 'Jackson', 'Elcott', 33),
--        (34, 'coxberryq@unc.edu', 'Clarinda', 'Oxberry', 34),
--        (35, 'bmillsp@alibaba.com', 'Brooke', 'Mills', 35),
--        (36, 'srougiero@yandex.ru', 'Sutherland', 'Rougier', 36),
--        (37, 'imontezn@wp.com', 'Iris', 'Montez', 37),
--        (38, 'tlazerm@bloomberg.com', 'Tatiania', 'Lazer', 38),
--        (39, 'osandhilll@aboutads.info', 'Ortensia', 'Sandhill', 39),
--        (40, 'mbowndek@bing.com', 'Marybelle', 'Bownde', 40),
--        (41, 'nayscoughj@globo.com', 'Nonna', 'Ayscough', 41),
--        (42, 'bguerrini@bluehost.com', 'Beau', 'Guerrin', 42),
--        (43, 'cneichoh@java.com', 'Cayla', 'Neicho', 43),
--        (44, 'cpennig@apache.org', 'Clarie', 'Penni', 44);


CREATE TABLE IF NOT EXISTS Feedback(
                                       Feedback_ID INTEGER PRIMARY KEY AUTOINCREMENT,
                                       Message TEXT,
                                       Student_ID INT,
                                       TA_ID INT,
                                       Professor_ID INT,
                                       Time DATETIME,
                                       FOREIGN KEY (Student_ID) REFERENCES Student(Student_ID),
    FOREIGN KEY (TA_ID) REFERENCES TAs(TA_ID),
    FOREIGN KEY (Professor_ID) REFERENCES Professors(Professor_ID)
    );

-- INSERT INTO Feedback (Message, Student_ID, TA_ID, Professor_ID, Time)
-- VALUES
--     ('Great job on the assignment!', 1, 1, 1, '2024-04-21 08:30:00'),
--     ('Keep up the good work!', 2, 2, 2, '2024-04-21 09:15:00'),
--     ('Excellent effort!', 3, 3, 3, '2024-04-21 10:00:00'),
--     ('Well done!', 4, 4, 4, '2024-04-21 10:45:00'),
--     ('Impressive work!', 5, 5, 5, '2024-04-21 11:30:00'),
--     ('Solid performance!', 6, 6, 6, '2024-04-21 12:15:00'),
--     ('Good effort.', 7, 7, 7, '2024-04-21 13:00:00'),
--     ('Great job!', 8, 8, 8, '2024-04-21 13:45:00'),
--     ('Very good performance.', 9, 9, 9, '2024-04-21 14:30:00'),
--     ('Impressive!', 10, 10, 10, '2024-04-21 15:15:00'),
--     ('Outstanding work!', 11, 11, 11, '2024-04-21 16:00:00'),
--     ('Excellent job!', 12, 12, 12, '2024-04-21 16:45:00'),
--     ('Solid effort.', 13, 13, 13, '2024-04-21 17:30:00'),
--     ('Good work overall.', 14, 14, 14, '2024-04-21 18:15:00'),
--     ('Very good effort.', 15, 15, 15, '2024-04-21 19:00:00'),
--     ('Impressive performance.', 16, 16, 16, '2024-04-21 19:45:00'),
--     ('Well executed.', 17, 17, 17, '2024-04-21 20:30:00'),
--     ('Excellent work!', 18, 18, 18, '2024-04-21 21:15:00'),
--     ('Great effort!', 19, 19, 19, '2024-04-21 22:00:00'),
--     ('Outstanding performance!', 20, 20, 20, '2024-04-21 22:45:00'),
--     ('Good work overall.', 21, 21, 21, '2024-04-21 23:30:00'),
--     ('Well done!', 22, 22, 22, '2024-04-22 00:15:00'),
--     ('Excellent effort!', 23, 23, 23, '2024-04-22 01:00:00'),
--     ('Great job!', 24, 24, 24, '2024-04-22 01:45:00'),
--     ('Impressive work!', 25, 25, 25, '2024-04-22 02:30:00'),
--     ('Solid performance!', 26, 26, 26, '2024-04-22 03:15:00'),
--     ('Good effort overall.', 27, 27, 27, '2024-04-22 04:00:00'),
--     ('Great job!!', 28, 28, 28, '2024-04-22 04:45:00'),
--     ('Very good performance.', 29, 29, 29, '2024-04-22 05:30:00'),
--     ('Impressive!!', 30, 30, 30, '2024-04-22 06:15:00');
